----------------------------------------------------------------------------------------
-- Postgres create, load, and query script for CAP2.
--
-- SQL statements for the CAP2 database
-- 
-- Derived from the CAP examples in _Database Principles, Programming, and Performance_, 
--   Second Edition by Patrick O'Neil and Elizabeth O'Neil
-- 
-- Modified by Pablo Rivas from an earlier edition of Alan G. Labouseur
-- 
-- Tested on Postgres 9.3.2    (For earlier versions, you may need
--   to remove the "if exists" clause from the DROP TABLE commands.)
----------------------------------------------------------------------------------------

-- Connect to your Postgres server and set the active database to CAP2.  Then . . .

DROP TABLE IF EXISTS orders;
DROP TABLE IF EXISTS customers;
DROP TABLE IF EXISTS Agents;
DROP TABLE IF EXISTS products;


-- Customers --
CREATE TABLE customers (
  cid      char(4) not null,
  name     text,
  city     text,
  discount decimal(5,2),
 primary key(cid)
);


-- Agents --
CREATE TABLE agents (
  aid     char(3) not null,
  name    text,
  city    text,
  percent real,
 primary key(aid)
);        


-- Products --
CREATE TABLE products (
  pid      char(3) not null,
  name     text,
  city     text,
  quantity integer,
  priceUSD numeric(10,2),
 primary key(pid)
);


-- Orders -- 
CREATE TABLE orders (
  ordno   integer not null,
  mon     char(3),    
  cid     char(4) not null references customers(cid),
  aid     char(3) not null references agents(aid),
  pid     char(3) not null references products(pid),
  qty     integer,
  dollars numeric(12,2),
 primary key(ordno)
);



-- SQL statements for loading example data into the CAP2 database
-- Tested on Postgres 9.3.2
-- Connect to your Postgres server and set the active database to CAP2.  Then . . .

-- Customers --
INSERT INTO Customers( cid, name, city, discount )
  VALUES('c001', 'Tiptop', 'Duluth', 10.00);

INSERT INTO Customers( cid, name, city, discount )
  VALUES('c002', 'Basics', 'Dallas', 12.00);

INSERT INTO Customers( cid, name, city, discount )
  VALUES('c003', 'Allied', 'Dallas', 8.00);

INSERT INTO Customers( cid, name, city, discount )
  VALUES('c004' ,'ACME' ,'Duluth', 8.00);

INSERT INTO Customers( cid, name, city, discount )
  VALUES('c005' ,'Weyland-Yutani', 'Acheron', 0.00);

INSERT INTO Customers( cid, name, city, discount )
  VALUES('c006' ,'ACME' ,'Kyoto' ,0.00);


-- Agents --
INSERT INTO Agents( aid, name, city, percent )
  VALUES('a01', 'Smith', 'New York', 6 );

INSERT INTO Agents( aid, name, city, percent )
  VALUES('a02', 'Jones', 'Newark', 6 );

INSERT INTO Agents( aid, name, city, percent )
  VALUES('a03', 'Brown', 'Tokyo', 7 );

INSERT INTO Agents( aid, name, city, percent )
  VALUES('a04', 'Gray', 'New York' ,6 );

INSERT INTO Agents( aid, name, city, percent )
  VALUES('a05', 'Otasi', 'Duluth', 5 );

INSERT INTO Agents( aid, name, city, percent )
  VALUES('a06', 'Smith', 'Dallas', 5 );

INSERT INTO Agents( aid, name, city, percent )
  VALUES('a08', 'Bond', 'London', 7 );


-- Products --
INSERT INTO Products( pid, name, city, quantity, priceUSD )
  VALUES('p01', 'comb', 'Dallas', 111400, 0.50 );

INSERT INTO Products( pid, name, city, quantity, priceUSD )
  VALUES('p02', 'brush', 'Newark', 203000, 0.50 );

INSERT INTO Products( pid, name, city, quantity, priceUSD )
  VALUES('p03', 'razor', 'Duluth', 150600, 1.00 );

INSERT INTO Products( pid, name, city, quantity, priceUSD )
  VALUES('p04', 'pen', 'Duluth', 125300, 1.00 );

INSERT INTO Products( pid, name, city, quantity, priceUSD )
  VALUES('p05', 'pencil', 'Dallas', 221400, 1.00 );

INSERT INTO Products( pid, name, city, quantity, priceUSD )
  VALUES('p06', 'folder','Dallas', 123100, 2.00 );

INSERT INTO Products( pid, name, city, quantity, priceUSD )
  VALUES('p07', 'case', 'Newark', 100500, 1.00 );

INSERT INTO Products( pid, name, city, quantity, priceUSD )
  VALUES('p08', 'clip', 'Newark', 200600, 1.25 );


-- Orders --
INSERT INTO Orders( ordno, mon, cid, aid, pid, qty, dollars )
  VALUES(1011, 'jan', 'c001', 'a01', 'p01', 1000, 450.00);

INSERT INTO Orders( ordno, mon, cid, aid, pid, qty, dollars )
  VALUES(1013, 'jan', 'c002', 'a03', 'p03', 1000, 880.00);

INSERT INTO Orders( ordno, mon, cid, aid, pid, qty, dollars )
  VALUES(1015, 'jan', 'c003', 'a03', 'p05', 1200, 1104.00);

INSERT INTO Orders( ordno, mon, cid, aid, pid, qty, dollars )
  VALUES(1016, 'jan', 'c006', 'a01', 'p01', 1000, 500.00);
  
INSERT INTO Orders( ordno, mon, cid, aid, pid, qty, dollars )
  VALUES(1017, 'feb', 'c001', 'a06', 'p03',  600, 540.00);

INSERT INTO Orders( ordno, mon, cid, aid, pid, qty, dollars )
  VALUES(1018, 'feb', 'c001', 'a03', 'p04',  600, 540.00);

INSERT INTO Orders( ordno, mon, cid, aid, pid, qty, dollars )
  VALUES(1019, 'feb', 'c001', 'a02', 'p02',  400, 180.00);

INSERT INTO Orders( ordno, mon, cid, aid, pid, qty, dollars )
  VALUES(1020, 'feb', 'c006', 'a03', 'p07',  600, 600.00);
  
INSERT INTO Orders( ordno, mon, cid, aid, pid, qty, dollars )
  VALUES(1021, 'feb', 'c004', 'a06', 'p01', 1000, 460.00);

INSERT INTO Orders( ordno, mon, cid, aid, pid, qty, dollars )
  VALUES(1022, 'mar', 'c001', 'a05', 'p06',  400, 720.00);
    
INSERT INTO Orders( ordno, mon, cid, aid, pid, qty, dollars )
  VALUES(1023, 'mar', 'c001', 'a04', 'p05',  500, 450.00);

INSERT INTO Orders( ordno, mon, cid, aid, pid, qty, dollars )
  VALUES(1024, 'mar', 'c006', 'a06', 'p01',  800, 400.00);
  
INSERT INTO Orders( ordno, mon, cid, aid, pid, qty, dollars )
  VALUES(1025, 'apr', 'c001', 'a05', 'p07',  800, 720.00);

INSERT INTO Orders( ordno, mon, cid, aid, pid, qty, dollars )
  VALUES(1026, 'may', 'c002', 'a05', 'p03',  800, 740.00);


-- SQL statements for displaying example data into the CAP2 database
-- Connect to your Postgres server and set the active database to CAP2.  Then . . .

-- Cristian Hernandez
-- Database Management
-- Professor Rivas
-- March 2, 2016
-- Lab 6

-- 1)Display the name and city of customers who live in any city that makes the most different kinds of
--products. (There are two cities that make the most different products. Return the name and city of
--customers from either one of those.)

select name, city 
from customers 
Where city In (Select city 
		  from products 
		  Group by city
		  having count(city) = (select count(city)
					from products
					group by city
					order by count(city) desc
					limit 1)

					);

-- 2) Display the names of products whose priceUSD is strictly above the average priceUSD, in reverse alphabetical
--order.

select name 
from products 
where priceUSD > (select avg(priceUSD)
		  From products 
		  )
Order by name DESc;

--3) Display the customer name, pid ordered, and the total for all orders, sorted by total from high to low.

select c.name, o.pid, sum(o.dollars)
from customers c INNER join orders o on c.cid = o.cid
group by c.name, o.pid
order by sum(o.dollars) desc; 	

-- 4) Display all customer names (in alphabetical order) and their total ordered, and nothing more. Use
--coalesce to avoid showing NULLs.  

Select c.name, coalesce(sum(o.dollars), 0.00)
from customers c left outer join orders o on c.cid = o.cid
group by c.name;

-- 5) Display the names of all customers who bought products from agents based in Tokyo along with the
-- of the products they ordered, and the names of the agents who sold it to them.

select c.name, p.name, a.name
from customers c inner join orders o on c.cid = o.cid
inner join products p on o.pid = p.pid
inner join agents a on a.aid = o.aid
where a.city = 'Tokyo';

-- 6) Write a query to check the accuracy of the dollars column in the Orders table. This means calculating
--Orders.totalUSD from data in other tables and comparing those values to the values in Orders.totalUSD.
--Display all rows in Orders where Orders.totalUSD is incorrect, if any.

Select *
From (Select o.*, o.qty*p.priceusd*(1-(discount/100)) as truedollars
      from orders o
      inner join products p on o.pid = p.pid
      inner join customers c on o.cid = c.cid) as tmptable
Where dollars != truedollars;

-- 7) What is the difference between a LEFT OUTER JOIN and a RIGHT OUTER JOIN? Give example
--queries in SQL to demonstrate. (Feel free to use the CAP2 database to make your points here.)
 
-- A LEFT OUTER JOIN will join two tables together based on the column of each table, including that every row in the left table is displayed.  If the the left table does not have a 
-- corresponding row from the right table, it will produce a NULL value.  For example, the query below will show a customer named Weyland, who has never made an order will have a NULL
-- value for the rest of the tables.
Select *
from customers left outer join orders on customers.cid = orders.cid;

-- A RIGHT OUTER JOIN serves the same purpose as a LEFT OUTER JOIN except it displays all the values from the right table. The query below does not show Weyland since he has never made
-- an order, it will exclude him and produce the rest of the values below.

Select *
From customers right outer join orders on customers.cid = orders.cid;